[{"sha":"d1e54d5fd005cadfa7bb190592c27bb89724aa33","node_id":"C_kwDOJYCZgNoAKGQxZTU0ZDVmZDAwNWNhZGZhN2JiMTkwNTkyYzI3YmI4OTcyNGFhMzM","commit":{"author":{"name":"HZp","email":"88123889+GGHZp@users.noreply.github.com","date":"2023-06-21T15:00:49Z"},"committer":{"name":"HZp","email":"88123889+GGHZp@users.noreply.github.com","date":"2023-06-21T15:00:49Z"},"message":"#Rotweaker Update Checker","tree":{"sha":"35a32281014f9788405ce59925ea9ca4a7ae89fe","url":"https://api.github.com/repos/GGHZp/RoTweakerUpdates/git/trees/35a32281014f9788405ce59925ea9ca4a7ae89fe"},"url":"https://api.github.com/repos/GGHZp/RoTweakerUpdates/git/commits/d1e54d5fd005cadfa7bb190592c27bb89724aa33","comment_count":0,"verification":{"verified":false,"reason":"unsigned","signature":null,"payload":null}},"url":"https://api.github.com/repos/GGHZp/RoTweakerUpdates/commits/d1e54d5fd005cadfa7bb190592c27bb89724aa33","html_url":"https://github.com/GGHZp/RoTweakerUpdates/commit/d1e54d5fd005cadfa7bb190592c27bb89724aa33","comments_url":"https://api.github.com/repos/GGHZp/RoTweakerUpdates/commits/d1e54d5fd005cadfa7bb190592c27bb89724aa33/comments","author":{"login":"GGHZp","id":88123889,"node_id":"MDQ6VXNlcjg4MTIzODg5","avatar_url":"https://avatars.githubusercontent.com/u/88123889?v=4","gravatar_id":"","url":"https://api.github.com/users/GGHZp","html_url":"https://github.com/GGHZp","followers_url":"https://api.github.com/users/GGHZp/followers","following_url":"https://api.github.com/users/GGHZp/following{/other_user}","gists_url":"https://api.github.com/users/GGHZp/gists{/gist_id}","starred_url":"https://api.github.com/users/GGHZp/starred{/owner}{/repo}","subscriptions_url":"https://api.github.com/users/GGHZp/subscriptions","organizations_url":"https://api.github.com/users/GGHZp/orgs","repos_url":"https://api.github.com/users/GGHZp/repos","events_url":"https://api.github.com/users/GGHZp/events{/privacy}","received_events_url":"https://api.github.com/users/GGHZp/received_events","type":"User","site_admin":false},"committer":{"login":"GGHZp","id":88123889,"node_id":"MDQ6VXNlcjg4MTIzODg5","avatar_url":"https://avatars.githubusercontent.com/u/88123889?v=4","gravatar_id":"","url":"https://api.github.com/users/GGHZp","html_url":"https://github.com/GGHZp","followers_url":"https://api.github.com/users/GGHZp/followers","following_url":"https://api.github.com/users/GGHZp/following{/other_user}","gists_url":"https://api.github.com/users/GGHZp/gists{/gist_id}","starred_url":"https://api.github.com/users/GGHZp/starred{/owner}{/repo}","subscriptions_url":"https://api.github.com/users/GGHZp/subscriptions","organizations_url":"https://api.github.com/users/GGHZp/orgs","repos_url":"https://api.github.com/users/GGHZp/repos","events_url":"https://api.github.com/users/GGHZp/events{/privacy}","received_events_url":"https://api.github.com/users/GGHZp/received_events","type":"User","site_admin":false},"parents":[{"sha":"abd12e08abb2a62a23203f21290cd07d88039a34","url":"https://api.github.com/repos/GGHZp/RoTweakerUpdates/commits/abd12e08abb2a62a23203f21290cd07d88039a34","html_url":"https://github.com/GGHZp/RoTweakerUpdates/commit/abd12e08abb2a62a23203f21290cd07d88039a34"}]},{"sha":"abd12e08abb2a62a23203f21290cd07d88039a34","node_id":"C_kwDOJYCZgNoAKGFiZDEyZTA4YWJiMmE2MmEyMzIwM2YyMTI5MGNkMDdkODgwMzlhMzQ","commit":{"author":{"name":"HZp","email":"88123889+GGHZp@users.noreply.github.com","date":"2023-06-21T14:56:56Z"},"committer":{"name":"HZp","email":"88123889+GGHZp@users.noreply.github.com","date":"2023-06-21T14:56:56Z"},"message":"Delete RUC.exe","tree":{"sha":"f614a81081e2674ad9f37ea4a837298f5a0fb636","url":"https://api.github.com/repos/GGHZp/RoTweakerUpdates/git/trees/f614a81081e2674ad9f37ea4a837298f5a0fb636"},"url":"https://api.github.com/repos/GGHZp/RoTweakerUpdates/git/commits/abd12e08abb2a62a23203f21290cd07d88039a34","comment_count":0,"verification":{"verified":false,"reason":"unsigned","signature":null,"payload":null}},"url":"https://api.github.com/repos/GGHZp/RoTweakerUpdates/commits/abd12e08abb2a62a23203f21290cd07d88039a34","html_url":"https://github.com/GGHZp/RoTweakerUpdates/commit/abd12e08abb2a62a23203f21290cd07d88039a34","comments_url":"https://api.github.com/repos/GGHZp/RoTweakerUpdates/commits/abd12e08abb2a62a23203f21290cd07d88039a34/comments","author":{"login":"GGHZp","id":88123889,"node_id":"MDQ6VXNlcjg4MTIzODg5","avatar_url":"https://avatars.githubusercontent.com/u/88123889?v=4","gravatar_id":"","url":"https://api.github.com/users/GGHZp","html_url":"https://github.com/GGHZp","followers_url":"https://api.github.com/users/GGHZp/followers","following_url":"https://api.github.com/users/GGHZp/following{/other_user}","gists_url":"https://api.github.com/users/GGHZp/gists{/gist_id}","starred_url":"https://api.github.com/users/GGHZp/starred{/owner}{/repo}","subscriptions_url":"https://api.github.com/users/GGHZp/subscriptions","organizations_url":"https://api.github.com/users/GGHZp/orgs","repos_url":"https://api.github.com/users/GGHZp/repos","events_url":"https://api.github.com/users/GGHZp/events{/privacy}","received_events_url":"https://api.github.com/users/GGHZp/received_events","type":"User","site_admin":false},"committer":{"login":"GGHZp","id":88123889,"node_id":"MDQ6VXNlcjg4MTIzODg5","avatar_url":"https://avatars.githubusercontent.com/u/88123889?v=4","gravatar_id":"","url":"https://api.github.com/users/GGHZp","html_url":"https://github.com/GGHZp","followers_url":"https://api.github.com/users/GGHZp/followers","following_url":"https://api.github.com/users/GGHZp/following{/other_user}","gists_url":"https://api.github.com/users/GGHZp/gists{/gist_id}","starred_url":"https://api.github.com/users/GGHZp/starred{/owner}{/repo}","subscriptions_url":"https://api.github.com/users/GGHZp/subscriptions","organizations_url":"https://api.github.com/users/GGHZp/orgs","repos_url":"https://api.github.com/users/GGHZp/repos","events_url":"https://api.github.com/users/GGHZp/events{/privacy}","received_events_url":"https://api.github.com/users/GGHZp/received_events","type":"User","site_admin":false},"parents":[{"sha":"d3a7d8ae6821038f053803bda7bcc2dfa8a3e800","url":"https://api.github.com/repos/GGHZp/RoTweakerUpdates/commits/d3a7d8ae6821038f053803bda7bcc2dfa8a3e800","html_url":"https://github.com/GGHZp/RoTweakerUpdates/commit/d3a7d8ae6821038f053803bda7bcc2dfa8a3e800"}]},{"sha":"a5ead484cacf6222cb69ea896cbfcb132e40b1a4","node_id":"C_kwDOJYCZgNoAKGE1ZWFkNDg0Y2FjZjYyMjJjYjY5ZWE4OTZjYmZjYjEzMmU0MGIxYTQ","commit":{"author":{"name":"HZp","email":"88123889+GGHZp@users.noreply.github.com","date":"2023-06-20T03:29:52Z"},"committer":{"name":"HZp","email":"88123889+GGHZp@users.noreply.github.com","date":"2023-06-20T03:29:52Z"},"message":"Create RUC.exe","tree":{"sha":"e0f42a6018bf70d250bf2f74df1666b80b888c10","url":"https://api.github.com/repos/GGHZp/RoTweakerUpdates/git/trees/e0f42a6018bf70d250bf2f74df1666b80b888c10"},"url":"https://api.github.com/repos/GGHZp/RoTweakerUpdates/git/commits/a5ead484cacf6222cb69ea896cbfcb132e40b1a4","comment_count":0,"verification":{"verified":false,"reason":"unsigned","signature":null,"payload":null}},"url":"https://api.github.com/repos/GGHZp/RoTweakerUpdates/commits/a5ead484cacf6222cb69ea896cbfcb132e40b1a4","html_url":"https://github.com/GGHZp/RoTweakerUpdates/commit/a5ead484cacf6222cb69ea896cbfcb132e40b1a4","comments_url":"https://api.github.com/repos/GGHZp/RoTweakerUpdates/commits/a5ead484cacf6222cb69ea896cbfcb132e40b1a4/comments","author":{"login":"GGHZp","id":88123889,"node_id":"MDQ6VXNlcjg4MTIzODg5","avatar_url":"https://avatars.githubusercontent.com/u/88123889?v=4","gravatar_id":"","url":"https://api.github.com/users/GGHZp","html_url":"https://github.com/GGHZp","followers_url":"https://api.github.com/users/GGHZp/followers","following_url":"https://api.github.com/users/GGHZp/following{/other_user}","gists_url":"https://api.github.com/users/GGHZp/gists{/gist_id}","starred_url":"https://api.github.com/users/GGHZp/starred{/owner}{/repo}","subscriptions_url":"https://api.github.com/users/GGHZp/subscriptions","organizations_url":"https://api.github.com/users/GGHZp/orgs","repos_url":"https://api.github.com/users/GGHZp/repos","events_url":"https://api.github.com/users/GGHZp/events{/privacy}","received_events_url":"https://api.github.com/users/GGHZp/received_events","type":"User","site_admin":false},"committer":{"login":"GGHZp","id":88123889,"node_id":"MDQ6VXNlcjg4MTIzODg5","avatar_url":"https://avatars.githubusercontent.com/u/88123889?v=4","gravatar_id":"","url":"https://api.github.com/users/GGHZp","html_url":"https://github.com/GGHZp","followers_url":"https://api.github.com/users/GGHZp/followers","following_url":"https://api.github.com/users/GGHZp/following{/other_user}","gists_url":"https://api.github.com/users/GGHZp/gists{/gist_id}","starred_url":"https://api.github.com/users/GGHZp/starred{/owner}{/repo}","subscriptions_url":"https://api.github.com/users/GGHZp/subscriptions","organizations_url":"https://api.github.com/users/GGHZp/orgs","repos_url":"https://api.github.com/users/GGHZp/repos","events_url":"https://api.github.com/users/GGHZp/events{/privacy}","received_events_url":"https://api.github.com/users/GGHZp/received_events","type":"User","site_admin":false},"parents":[{"sha":"eb136b8e975528efeffff6a6791b17f691c8abcb","url":"https://api.github.com/repos/GGHZp/RoTweakerUpdates/commits/eb136b8e975528efeffff6a6791b17f691c8abcb","html_url":"https://github.com/GGHZp/RoTweakerUpdates/commit/eb136b8e975528efeffff6a6791b17f691c8abcb"}]},{"sha":"c502660ddc2bccd6783a0b6654a1649cab65b7ca","node_id":"C_kwDOJYCZgNoAKGM1MDI2NjBkZGMyYmNjZDY3ODNhMGI2NjU0YTE2NDljYWI2NWI3Y2E","commit":{"author":{"name":"HZp","email":"88123889+GGHZp@users.noreply.github.com","date":"2023-06-20T03:24:31Z"},"committer":{"name":"HZp","email":"88123889+GGHZp@users.noreply.github.com","date":"2023-06-20T03:24:31Z"},"message":"Delete RUC.exe","tree":{"sha":"268591941e7746f08a5da249641d887277e4c6d3","url":"https://api.github.com/repos/GGHZp/RoTweakerUpdates/git/trees/268591941e7746f08a5da249641d887277e4c6d3"},"url":"https://api.github.com/repos/GGHZp/RoTweakerUpdates/git/commits/c502660ddc2bccd6783a0b6654a1649cab65b7ca","comment_count":0,"verification":{"verified":false,"reason":"unsigned","signature":null,"payload":null}},"url":"https://api.github.com/repos/GGHZp/RoTweakerUpdates/commits/c502660ddc2bccd6783a0b6654a1649cab65b7ca","html_url":"https://github.com/GGHZp/RoTweakerUpdates/commit/c502660ddc2bccd6783a0b6654a1649cab65b7ca","comments_url":"https://api.github.com/repos/GGHZp/RoTweakerUpdates/commits/c502660ddc2bccd6783a0b6654a1649cab65b7ca/comments","author":{"login":"GGHZp","id":88123889,"node_id":"MDQ6VXNlcjg4MTIzODg5","avatar_url":"https://avatars.githubusercontent.com/u/88123889?v=4","gravatar_id":"","url":"https://api.github.com/users/GGHZp","html_url":"https://github.com/GGHZp","followers_url":"https://api.github.com/users/GGHZp/followers","following_url":"https://api.github.com/users/GGHZp/following{/other_user}","gists_url":"https://api.github.com/users/GGHZp/gists{/gist_id}","starred_url":"https://api.github.com/users/GGHZp/starred{/owner}{/repo}","subscriptions_url":"https://api.github.com/users/GGHZp/subscriptions","organizations_url":"https://api.github.com/users/GGHZp/orgs","repos_url":"https://api.github.com/users/GGHZp/repos","events_url":"https://api.github.com/users/GGHZp/events{/privacy}","received_events_url":"https://api.github.com/users/GGHZp/received_events","type":"User","site_admin":false},"committer":{"login":"GGHZp","id":88123889,"node_id":"MDQ6VXNlcjg4MTIzODg5","avatar_url":"https://avatars.githubusercontent.com/u/88123889?v=4","gravatar_id":"","url":"https://api.github.com/users/GGHZp","html_url":"https://github.com/GGHZp","followers_url":"https://api.github.com/users/GGHZp/followers","following_url":"https://api.github.com/users/GGHZp/following{/other_user}","gists_url":"https://api.github.com/users/GGHZp/gists{/gist_id}","starred_url":"https://api.github.com/users/GGHZp/starred{/owner}{/repo}","subscriptions_url":"https://api.github.com/users/GGHZp/subscriptions","organizations_url":"https://api.github.com/users/GGHZp/orgs","repos_url":"https://api.github.com/users/GGHZp/repos","events_url":"https://api.github.com/users/GGHZp/events{/privacy}","received_events_url":"https://api.github.com/users/GGHZp/received_events","type":"User","site_admin":false},"parents":[{"sha":"4a2ff52229f58402e3cdc4e5fbc7fa940b07f130","url":"https://api.github.com/repos/GGHZp/RoTweakerUpdates/commits/4a2ff52229f58402e3cdc4e5fbc7fa940b07f130","html_url":"https://github.com/GGHZp/RoTweakerUpdates/commit/4a2ff52229f58402e3cdc4e5fbc7fa940b07f130"}]},{"sha":"4a2ff52229f58402e3cdc4e5fbc7fa940b07f130","node_id":"C_kwDOJYCZgNoAKDRhMmZmNTIyMjlmNTg0MDJlM2NkYzRlNWZiYzdmYTk0MGIwN2YxMzA","commit":{"author":{"name":"HZp","email":"88123889+GGHZp@users.noreply.github.com","date":"2023-06-20T03:05:30Z"},"committer":{"name":"HZp","email":"88123889+GGHZp@users.noreply.github.com","date":"2023-06-20T03:05:30Z"},"message":"Create RUC.exe","tree":{"sha":"db4aa1349598c64f13297a3c63a30c89339d11ed","url":"https://api.github.com/repos/GGHZp/RoTweakerUpdates/git/trees/db4aa1349598c64f13297a3c63a30c89339d11ed"},"url":"https://api.github.com/repos/GGHZp/RoTweakerUpdates/git/commits/4a2ff52229f58402e3cdc4e5fbc7fa940b07f130","comment_count":0,"verification":{"verified":false,"reason":"unsigned","signature":null,"payload":null}},"url":"https://api.github.com/repos/GGHZp/RoTweakerUpdates/commits/4a2ff52229f58402e3cdc4e5fbc7fa940b07f130","html_url":"https://github.com/GGHZp/RoTweakerUpdates/commit/4a2ff52229f58402e3cdc4e5fbc7fa940b07f130","comments_url":"https://api.github.com/repos/GGHZp/RoTweakerUpdates/commits/4a2ff52229f58402e3cdc4e5fbc7fa940b07f130/comments","author":{"login":"GGHZp","id":88123889,"node_id":"MDQ6VXNlcjg4MTIzODg5","avatar_url":"https://avatars.githubusercontent.com/u/88123889?v=4","gravatar_id":"","url":"https://api.github.com/users/GGHZp","html_url":"https://github.com/GGHZp","followers_url":"https://api.github.com/users/GGHZp/followers","following_url":"https://api.github.com/users/GGHZp/following{/other_user}","gists_url":"https://api.github.com/users/GGHZp/gists{/gist_id}","starred_url":"https://api.github.com/users/GGHZp/starred{/owner}{/repo}","subscriptions_url":"https://api.github.com/users/GGHZp/subscriptions","organizations_url":"https://api.github.com/users/GGHZp/orgs","repos_url":"https://api.github.com/users/GGHZp/repos","events_url":"https://api.github.com/users/GGHZp/events{/privacy}","received_events_url":"https://api.github.com/users/GGHZp/received_events","type":"User","site_admin":false},"committer":{"login":"GGHZp","id":88123889,"node_id":"MDQ6VXNlcjg4MTIzODg5","avatar_url":"https://avatars.githubusercontent.com/u/88123889?v=4","gravatar_id":"","url":"https://api.github.com/users/GGHZp","html_url":"https://github.com/GGHZp","followers_url":"https://api.github.com/users/GGHZp/followers","following_url":"https://api.github.com/users/GGHZp/following{/other_user}","gists_url":"https://api.github.com/users/GGHZp/gists{/gist_id}","starred_url":"https://api.github.com/users/GGHZp/starred{/owner}{/repo}","subscriptions_url":"https://api.github.com/users/GGHZp/subscriptions","organizations_url":"https://api.github.com/users/GGHZp/orgs","repos_url":"https://api.github.com/users/GGHZp/repos","events_url":"https://api.github.com/users/GGHZp/events{/privacy}","received_events_url":"https://api.github.com/users/GGHZp/received_events","type":"User","site_admin":false},"parents":[{"sha":"4d80730ac72e3715896bef5318926a0ff2739e5a","url":"https://api.github.com/repos/GGHZp/RoTweakerUpdates/commits/4d80730ac72e3715896bef5318926a0ff2739e5a","html_url":"https://github.com/GGHZp/RoTweakerUpdates/commit/4d80730ac72e3715896bef5318926a0ff2739e5a"}]},{"sha":"9f215ce55fce07ee47409e52f0b4e029ad61423a","node_id":"C_kwDOJYCZgNoAKDlmMjE1Y2U1NWZjZTA3ZWU0NzQwOWU1MmYwYjRlMDI5YWQ2MTQyM2E","commit":{"author":{"name":"HZp","email":"88123889+GGHZp@users.noreply.github.com","date":"2023-06-20T03:01:15Z"},"committer":{"name":"GitHub","email":"noreply@github.com","date":"2023-06-20T03:01:15Z"},"message":"Delete RUC.exe","tree":{"sha":"268591941e7746f08a5da249641d887277e4c6d3","url":"https://api.github.com/repos/GGHZp/RoTweakerUpdates/git/trees/268591941e7746f08a5da249641d887277e4c6d3"},"url":"https://api.github.com/repos/GGHZp/RoTweakerUpdates/git/commits/9f215ce55fce07ee47409e52f0b4e029ad61423a","comment_count":0,"verification":{"verified":true,"reason":"valid","signature":"-----BEGIN PGP SIGNATURE-----\n\nwsBcBAABCAAQBQJkkRZ7CRBK7hj4Ov3rIwAA2mYIAI8vASnijRYVQ90iVj0lso4e\nPtFzYGTetc5ItxZzGt6lwlbxE8UQ95NNtNDqj1VeWyAv3Sr7Xg+M0vol/W5n2ug+\n1Ip5WVp4a/eDZfTVjJPmfA53Ml5oEgZwFdQzmXRp5i/REfsr9VOZ/X60VDhcZGOM\nMesRfICvm4UFuh5PweMPMnLh0opewmit7NLpjYb8rDfhHbFOJvZnVmWuSfdKOk/M\nY3c46mBNkB8Zyrh3mJsZltuAie7ytnv6vPciZ75r/2H3ch9/kLhCjW0w38ZStGfr\novgzZ0OaoRACbspLJ68XiYqfAgNFwJ1QOFC3ehwFqP9hyQo1GYvs42ubWa47p1k=\n=5XCV\n-----END PGP SIGNATURE-----\n","payload":"tree 268591941e7746f08a5da249641d887277e4c6d3\nparent c7ef2487d3533f75b77e22c5503ed6473b6adc68\nauthor HZp <88123889+GGHZp@users.noreply.github.com> 1687230075 +0800\ncommitter GitHub <noreply@github.com> 1687230075 +0800\n\nDelete RUC.exe"}},"url":"https://api.github.com/repos/GGHZp/RoTweakerUpdates/commits/9f215ce55fce07ee47409e52f0b4e029ad61423a","html_url":"https://github.com/GGHZp/RoTweakerUpdates/commit/9f215ce55fce07ee47409e52f0b4e029ad61423a","comments_url":"https://api.github.com/repos/GGHZp/RoTweakerUpdates/commits/9f215ce55fce07ee47409e52f0b4e029ad61423a/comments","author":{"login":"GGHZp","id":88123889,"node_id":"MDQ6VXNlcjg4MTIzODg5","avatar_url":"https://avatars.githubusercontent.com/u/88123889?v=4","gravatar_id":"","url":"https://api.github.com/users/GGHZp","html_url":"https://github.com/GGHZp","followers_url":"https://api.github.com/users/GGHZp/followers","following_url":"https://api.github.com/users/GGHZp/following{/other_user}","gists_url":"https://api.github.com/users/GGHZp/gists{/gist_id}","starred_url":"https://api.github.com/users/GGHZp/starred{/owner}{/repo}","subscriptions_url":"https://api.github.com/users/GGHZp/subscriptions","organizations_url":"https://api.github.com/users/GGHZp/orgs","repos_url":"https://api.github.com/users/GGHZp/repos","events_url":"https://api.github.com/users/GGHZp/events{/privacy}","received_events_url":"https://api.github.com/users/GGHZp/received_events","type":"User","site_admin":false},"committer":{"login":"web-flow","id":19864447,"node_id":"MDQ6VXNlcjE5ODY0NDQ3","avatar_url":"https://avatars.githubusercontent.com/u/19864447?v=4","gravatar_id":"","url":"https://api.github.com/users/web-flow","html_url":"https://github.com/web-flow","followers_url":"https://api.github.com/users/web-flow/followers","following_url":"https://api.github.com/users/web-flow/following{/other_user}","gists_url":"https://api.github.com/users/web-flow/gists{/gist_id}","starred_url":"https://api.github.com/users/web-flow/starred{/owner}{/repo}","subscriptions_url":"https://api.github.com/users/web-flow/subscriptions","organizations_url":"https://api.github.com/users/web-flow/orgs","repos_url":"https://api.github.com/users/web-flow/repos","events_url":"https://api.github.com/users/web-flow/events{/privacy}","received_events_url":"https://api.github.com/users/web-flow/received_events","type":"User","site_admin":false},"parents":[{"sha":"c7ef2487d3533f75b77e22c5503ed6473b6adc68","url":"https://api.github.com/repos/GGHZp/RoTweakerUpdates/commits/c7ef2487d3533f75b77e22c5503ed6473b6adc68","html_url":"https://github.com/GGHZp/RoTweakerUpdates/commit/c7ef2487d3533f75b77e22c5503ed6473b6adc68"}]},{"sha":"916edb9c1663ac8f2fb06433ffbfcd5df2bb33cd","node_id":"C_kwDOJYCZgNoAKDkxNmVkYjljMTY2M2FjOGYyZmIwNjQzM2ZmYmZjZDVkZjJiYjMzY2Q","commit":{"author":{"name":"HZp","email":"88123889+GGHZp@users.noreply.github.com","date":"2023-06-20T02:32:15Z"},"committer":{"name":"HZp","email":"88123889+GGHZp@users.noreply.github.com","date":"2023-06-20T02:32:15Z"},"message":"Create RUC.exe","tree":{"sha":"8fd7fbb76ee035503406a908ef1de0c51e8b14ce","url":"https://api.github.com/repos/GGHZp/RoTweakerUpdates/git/trees/8fd7fbb76ee035503406a908ef1de0c51e8b14ce"},"url":"https://api.github.com/repos/GGHZp/RoTweakerUpdates/git/commits/916edb9c1663ac8f2fb06433ffbfcd5df2bb33cd","comment_count":0,"verification":{"verified":false,"reason":"unsigned","signature":null,"payload":null}},"url":"https://api.github.com/repos/GGHZp/RoTweakerUpdates/commits/916edb9c1663ac8f2fb06433ffbfcd5df2bb33cd","html_url":"https://github.com/GGHZp/RoTweakerUpdates/commit/916edb9c1663ac8f2fb06433ffbfcd5df2bb33cd","comments_url":"https://api.github.com/repos/GGHZp/RoTweakerUpdates/commits/916edb9c1663ac8f2fb06433ffbfcd5df2bb33cd/comments","author":{"login":"GGHZp","id":88123889,"node_id":"MDQ6VXNlcjg4MTIzODg5","avatar_url":"https://avatars.githubusercontent.com/u/88123889?v=4","gravatar_id":"","url":"https://api.github.com/users/GGHZp","html_url":"https://github.com/GGHZp","followers_url":"https://api.github.com/users/GGHZp/followers","following_url":"https://api.github.com/users/GGHZp/following{/other_user}","gists_url":"https://api.github.com/users/GGHZp/gists{/gist_id}","starred_url":"https://api.github.com/users/GGHZp/starred{/owner}{/repo}","subscriptions_url":"https://api.github.com/users/GGHZp/subscriptions","organizations_url":"https://api.github.com/users/GGHZp/orgs","repos_url":"https://api.github.com/users/GGHZp/repos","events_url":"https://api.github.com/users/GGHZp/events{/privacy}","received_events_url":"https://api.github.com/users/GGHZp/received_events","type":"User","site_admin":false},"committer":{"login":"GGHZp","id":88123889,"node_id":"MDQ6VXNlcjg4MTIzODg5","avatar_url":"https://avatars.githubusercontent.com/u/88123889?v=4","gravatar_id":"","url":"https://api.github.com/users/GGHZp","html_url":"https://github.com/GGHZp","followers_url":"https://api.github.com/users/GGHZp/followers","following_url":"https://api.github.com/users/GGHZp/following{/other_user}","gists_url":"https://api.github.com/users/GGHZp/gists{/gist_id}","starred_url":"https://api.github.com/users/GGHZp/starred{/owner}{/repo}","subscriptions_url":"https://api.github.com/users/GGHZp/subscriptions","organizations_url":"https://api.github.com/users/GGHZp/orgs","repos_url":"https://api.github.com/users/GGHZp/repos","events_url":"https://api.github.com/users/GGHZp/events{/privacy}","received_events_url":"https://api.github.com/users/GGHZp/received_events","type":"User","site_admin":false},"parents":[{"sha":"23809479b6b5e2d66570bf9cb5b4a810ac95690c","url":"https://api.github.com/repos/GGHZp/RoTweakerUpdates/commits/23809479b6b5e2d66570bf9cb5b4a810ac95690c","html_url":"https://github.com/GGHZp/RoTweakerUpdates/commit/23809479b6b5e2d66570bf9cb5b4a810ac95690c"}]},{"sha":"23809479b6b5e2d66570bf9cb5b4a810ac95690c","node_id":"C_kwDOJYCZgNoAKDIzODA5NDc5YjZiNWUyZDY2NTcwYmY5Y2I1YjRhODEwYWM5NTY5MGM","commit":{"author":{"name":"HZp","email":"88123889+GGHZp@users.noreply.github.com","date":"2023-06-20T02:27:55Z"},"committer":{"name":"HZp","email":"88123889+GGHZp@users.noreply.github.com","date":"2023-06-20T02:27:55Z"},"message":"Delete RUC.exe","tree":{"sha":"f614a81081e2674ad9f37ea4a837298f5a0fb636","url":"https://api.github.com/repos/GGHZp/RoTweakerUpdates/git/trees/f614a81081e2674ad9f37ea4a837298f5a0fb636"},"url":"https://api.github.com/repos/GGHZp/RoTweakerUpdates/git/commits/23809479b6b5e2d66570bf9cb5b4a810ac95690c","comment_count":0,"verification":{"verified":false,"reason":"unsigned","signature":null,"payload":null}},"url":"https://api.github.com/repos/GGHZp/RoTweakerUpdates/commits/23809479b6b5e2d66570bf9cb5b4a810ac95690c","html_url":"https://github.com/GGHZp/RoTweakerUpdates/commit/23809479b6b5e2d66570bf9cb5b4a810ac95690c","comments_url":"https://api.github.com/repos/GGHZp/RoTweakerUpdates/commits/23809479b6b5e2d66570bf9cb5b4a810ac95690c/comments","author":{"login":"GGHZp","id":88123889,"node_id":"MDQ6VXNlcjg4MTIzODg5","avatar_url":"https://avatars.githubusercontent.com/u/88123889?v=4","gravatar_id":"","url":"https://api.github.com/users/GGHZp","html_url":"https://github.com/GGHZp","followers_url":"https://api.github.com/users/GGHZp/followers","following_url":"https://api.github.com/users/GGHZp/following{/other_user}","gists_url":"https://api.github.com/users/GGHZp/gists{/gist_id}","starred_url":"https://api.github.com/users/GGHZp/starred{/owner}{/repo}","subscriptions_url":"https://api.github.com/users/GGHZp/subscriptions","organizations_url":"https://api.github.com/users/GGHZp/orgs","repos_url":"https://api.github.com/users/GGHZp/repos","events_url":"https://api.github.com/users/GGHZp/events{/privacy}","received_events_url":"https://api.github.com/users/GGHZp/received_events","type":"User","site_admin":false},"committer":{"login":"GGHZp","id":88123889,"node_id":"MDQ6VXNlcjg4MTIzODg5","avatar_url":"https://avatars.githubusercontent.com/u/88123889?v=4","gravatar_id":"","url":"https://api.github.com/users/GGHZp","html_url":"https://github.com/GGHZp","followers_url":"https://api.github.com/users/GGHZp/followers","following_url":"https://api.github.com/users/GGHZp/following{/other_user}","gists_url":"https://api.github.com/users/GGHZp/gists{/gist_id}","starred_url":"https://api.github.com/users/GGHZp/starred{/owner}{/repo}","subscriptions_url":"https://api.github.com/users/GGHZp/subscriptions","organizations_url":"https://api.github.com/users/GGHZp/orgs","repos_url":"https://api.github.com/users/GGHZp/repos","events_url":"https://api.github.com/users/GGHZp/events{/privacy}","received_events_url":"https://api.github.com/users/GGHZp/received_events","type":"User","site_admin":false},"parents":[{"sha":"4ce72397672e1b870cfb95a2e8d56f1430342302","url":"https://api.github.com/repos/GGHZp/RoTweakerUpdates/commits/4ce72397672e1b870cfb95a2e8d56f1430342302","html_url":"https://github.com/GGHZp/RoTweakerUpdates/commit/4ce72397672e1b870cfb95a2e8d56f1430342302"}]},{"sha":"37d9c3745838732b01e3fc38bd18706fc02e80f7","node_id":"C_kwDOJYCZgNoAKDM3ZDljMzc0NTgzODczMmIwMWUzZmMzOGJkMTg3MDZmYzAyZTgwZjc","commit":{"author":{"name":"HZp","email":"88123889+GGHZp@users.noreply.github.com","date":"2023-06-19T23:57:07Z"},"committer":{"name":"HZp","email":"88123889+GGHZp@users.noreply.github.com","date":"2023-06-19T23:57:07Z"},"message":"Create RUC.exe","tree":{"sha":"31e53ef284f03e6aaf0298aadc4865c3a96e4ac0","url":"https://api.github.com/repos/GGHZp/RoTweakerUpdates/git/trees/31e53ef284f03e6aaf0298aadc4865c3a96e4ac0"},"url":"https://api.github.com/repos/GGHZp/RoTweakerUpdates/git/commits/37d9c3745838732b01e3fc38bd18706fc02e80f7","comment_count":0,"verification":{"verified":false,"reason":"unsigned","signature":null,"payload":null}},"url":"https://api.github.com/repos/GGHZp/RoTweakerUpdates/commits/37d9c3745838732b01e3fc38bd18706fc02e80f7","html_url":"https://github.com/GGHZp/RoTweakerUpdates/commit/37d9c3745838732b01e3fc38bd18706fc02e80f7","comments_url":"https://api.github.com/repos/GGHZp/RoTweakerUpdates/commits/37d9c3745838732b01e3fc38bd18706fc02e80f7/comments","author":{"login":"GGHZp","id":88123889,"node_id":"MDQ6VXNlcjg4MTIzODg5","avatar_url":"https://avatars.githubusercontent.com/u/88123889?v=4","gravatar_id":"","url":"https://api.github.com/users/GGHZp","html_url":"https://github.com/GGHZp","followers_url":"https://api.github.com/users/GGHZp/followers","following_url":"https://api.github.com/users/GGHZp/following{/other_user}","gists_url":"https://api.github.com/users/GGHZp/gists{/gist_id}","starred_url":"https://api.github.com/users/GGHZp/starred{/owner}{/repo}","subscriptions_url":"https://api.github.com/users/GGHZp/subscriptions","organizations_url":"https://api.github.com/users/GGHZp/orgs","repos_url":"https://api.github.com/users/GGHZp/repos","events_url":"https://api.github.com/users/GGHZp/events{/privacy}","received_events_url":"https://api.github.com/users/GGHZp/received_events","type":"User","site_admin":false},"committer":{"login":"GGHZp","id":88123889,"node_id":"MDQ6VXNlcjg4MTIzODg5","avatar_url":"https://avatars.githubusercontent.com/u/88123889?v=4","gravatar_id":"","url":"https://api.github.com/users/GGHZp","html_url":"https://github.com/GGHZp","followers_url":"https://api.github.com/users/GGHZp/followers","following_url":"https://api.github.com/users/GGHZp/following{/other_user}","gists_url":"https://api.github.com/users/GGHZp/gists{/gist_id}","starred_url":"https://api.github.com/users/GGHZp/starred{/owner}{/repo}","subscriptions_url":"https://api.github.com/users/GGHZp/subscriptions","organizations_url":"https://api.github.com/users/GGHZp/orgs","repos_url":"https://api.github.com/users/GGHZp/repos","events_url":"https://api.github.com/users/GGHZp/events{/privacy}","received_events_url":"https://api.github.com/users/GGHZp/received_events","type":"User","site_admin":false},"parents":[{"sha":"8e34f884d2cd14562a626524ae3189e87c2d3aa9","url":"https://api.github.com/repos/GGHZp/RoTweakerUpdates/commits/8e34f884d2cd14562a626524ae3189e87c2d3aa9","html_url":"https://github.com/GGHZp/RoTweakerUpdates/commit/8e34f884d2cd14562a626524ae3189e87c2d3aa9"}]},{"sha":"8e34f884d2cd14562a626524ae3189e87c2d3aa9","node_id":"C_kwDOJYCZgNoAKDhlMzRmODg0ZDJjZDE0NTYyYTYyNjUyNGFlMzE4OWU4N2MyZDNhYTk","commit":{"author":{"name":"HZp","email":"88123889+GGHZp@users.noreply.github.com","date":"2023-06-19T23:55:24Z"},"committer":{"name":"HZp","email":"88123889+GGHZp@users.noreply.github.com","date":"2023-06-19T23:55:24Z"},"message":"Delete RUC.exe","tree":{"sha":"f614a81081e2674ad9f37ea4a837298f5a0fb636","url":"https://api.github.com/repos/GGHZp/RoTweakerUpdates/git/trees/f614a81081e2674ad9f37ea4a837298f5a0fb636"},"url":"https://api.github.com/repos/GGHZp/RoTweakerUpdates/git/commits/8e34f884d2cd14562a626524ae3189e87c2d3aa9","comment_count":0,"verification":{"verified":false,"reason":"unsigned","signature":null,"payload":null}},"url":"https://api.github.com/repos/GGHZp/RoTweakerUpdates/commits/8e34f884d2cd14562a626524ae3189e87c2d3aa9","html_url":"https://github.com/GGHZp/RoTweakerUpdates/commit/8e34f884d2cd14562a626524ae3189e87c2d3aa9","comments_url":"https://api.github.com/repos/GGHZp/RoTweakerUpdates/commits/8e34f884d2cd14562a626524ae3189e87c2d3aa9/comments","author":{"login":"GGHZp","id":88123889,"node_id":"MDQ6VXNlcjg4MTIzODg5","avatar_url":"https://avatars.githubusercontent.com/u/88123889?v=4","gravatar_id":"","url":"https://api.github.com/users/GGHZp","html_url":"https://github.com/GGHZp","followers_url":"https://api.github.com/users/GGHZp/followers","following_url":"https://api.github.com/users/GGHZp/following{/other_user}","gists_url":"https://api.github.com/users/GGHZp/gists{/gist_id}","starred_url":"https://api.github.com/users/GGHZp/starred{/owner}{/repo}","subscriptions_url":"https://api.github.com/users/GGHZp/subscriptions","organizations_url":"https://api.github.com/users/GGHZp/orgs","repos_url":"https://api.github.com/users/GGHZp/repos","events_url":"https://api.github.com/users/GGHZp/events{/privacy}","received_events_url":"https://api.github.com/users/GGHZp/received_events","type":"User","site_admin":false},"committer":{"login":"GGHZp","id":88123889,"node_id":"MDQ6VXNlcjg4MTIzODg5","avatar_url":"https://avatars.githubusercontent.com/u/88123889?v=4","gravatar_id":"","url":"https://api.github.com/users/GGHZp","html_url":"https://github.com/GGHZp","followers_url":"https://api.github.com/users/GGHZp/followers","following_url":"https://api.github.com/users/GGHZp/following{/other_user}","gists_url":"https://api.github.com/users/GGHZp/gists{/gist_id}","starred_url":"https://api.github.com/users/GGHZp/starred{/owner}{/repo}","subscriptions_url":"https://api.github.com/users/GGHZp/subscriptions","organizations_url":"https://api.github.com/users/GGHZp/orgs","repos_url":"https://api.github.com/users/GGHZp/repos","events_url":"https://api.github.com/users/GGHZp/events{/privacy}","received_events_url":"https://api.github.com/users/GGHZp/received_events","type":"User","site_admin":false},"parents":[{"sha":"324acfe2bfd92eaaa0e223f34fdbf69694aaefc4","url":"https://api.github.com/repos/GGHZp/RoTweakerUpdates/commits/324acfe2bfd92eaaa0e223f34fdbf69694aaefc4","html_url":"https://github.com/GGHZp/RoTweakerUpdates/commit/324acfe2bfd92eaaa0e223f34fdbf69694aaefc4"}]},{"sha":"daf3e450f6ffb7dd992e0b01543cc6b2ed8d0a3f","node_id":"C_kwDOJYCZgNoAKGRhZjNlNDUwZjZmZmI3ZGQ5OTJlMGIwMTU0M2NjNmIyZWQ4ZDBhM2Y","commit":{"author":{"name":"HZp","email":"88123889+GGHZp@users.noreply.github.com","date":"2023-06-19T21:52:02Z"},"committer":{"name":"HZp","email":"88123889+GGHZp@users.noreply.github.com","date":"2023-06-19T21:52:02Z"},"message":"Create RUC.exe","tree":{"sha":"8a722f4fe60436777b7779a7ccc020d7f9c414b2","url":"https://api.github.com/repos/GGHZp/RoTweakerUpdates/git/trees/8a722f4fe60436777b7779a7ccc020d7f9c414b2"},"url":"https://api.github.com/repos/GGHZp/RoTweakerUpdates/git/commits/daf3e450f6ffb7dd992e0b01543cc6b2ed8d0a3f","comment_count":0,"verification":{"verified":false,"reason":"unsigned","signature":null,"payload":null}},"url":"https://api.github.com/repos/GGHZp/RoTweakerUpdates/commits/daf3e450f6ffb7dd992e0b01543cc6b2ed8d0a3f","html_url":"https://github.com/GGHZp/RoTweakerUpdates/commit/daf3e450f6ffb7dd992e0b01543cc6b2ed8d0a3f","comments_url":"https://api.github.com/repos/GGHZp/RoTweakerUpdates/commits/daf3e450f6ffb7dd992e0b01543cc6b2ed8d0a3f/comments","author":{"login":"GGHZp","id":88123889,"node_id":"MDQ6VXNlcjg4MTIzODg5","avatar_url":"https://avatars.githubusercontent.com/u/88123889?v=4","gravatar_id":"","url":"https://api.github.com/users/GGHZp","html_url":"https://github.com/GGHZp","followers_url":"https://api.github.com/users/GGHZp/followers","following_url":"https://api.github.com/users/GGHZp/following{/other_user}","gists_url":"https://api.github.com/users/GGHZp/gists{/gist_id}","starred_url":"https://api.github.com/users/GGHZp/starred{/owner}{/repo}","subscriptions_url":"https://api.github.com/users/GGHZp/subscriptions","organizations_url":"https://api.github.com/users/GGHZp/orgs","repos_url":"https://api.github.com/users/GGHZp/repos","events_url":"https://api.github.com/users/GGHZp/events{/privacy}","received_events_url":"https://api.github.com/users/GGHZp/received_events","type":"User","site_admin":false},"committer":{"login":"GGHZp","id":88123889,"node_id":"MDQ6VXNlcjg4MTIzODg5","avatar_url":"https://avatars.githubusercontent.com/u/88123889?v=4","gravatar_id":"","url":"https://api.github.com/users/GGHZp","html_url":"https://github.com/GGHZp","followers_url":"https://api.github.com/users/GGHZp/followers","following_url":"https://api.github.com/users/GGHZp/following{/other_user}","gists_url":"https://api.github.com/users/GGHZp/gists{/gist_id}","starred_url":"https://api.github.com/users/GGHZp/starred{/owner}{/repo}","subscriptions_url":"https://api.github.com/users/GGHZp/subscriptions","organizations_url":"https://api.github.com/users/GGHZp/orgs","repos_url":"https://api.github.com/users/GGHZp/repos","events_url":"https://api.github.com/users/GGHZp/events{/privacy}","received_events_url":"https://api.github.com/users/GGHZp/received_events","type":"User","site_admin":false},"parents":[{"sha":"e9f1d545ad166c5ded2c58d02af50dca4555e92b","url":"https://api.github.com/repos/GGHZp/RoTweakerUpdates/commits/e9f1d545ad166c5ded2c58d02af50dca4555e92b","html_url":"https://github.com/GGHZp/RoTweakerUpdates/commit/e9f1d545ad166c5ded2c58d02af50dca4555e92b"}]}]